tf,tfbs,gene,deg_source,polarity,tfbs_source,is_sigma_factor,is_global_regulator,is_centroid,clustered,cluster_id
cpxr,AAAAGGGCATGATAATT,amph;astc;cpxp;csga;dgcz;fade;mara;marb;marr;yebe;yjfn,bie_up;bie_up-emani_up;emani_up,+,regdb,no,yes,TRUE,TRUE,cpxr_cluster_1
cpxr,AAGTTATCACCATTT,amph;astc;cpxp;csga;dgcz;fade;mara;marb;marr;yebe;yjfn,bie_up;bie_up-emani_up;emani_up,+,regdb,no,yes,TRUE,TRUE,cpxr_cluster_2
cpxr,ACAATAAATTTTTAC,amph;astc;cpxp;csga;dgcz;fade;mara;marb;marr;yebe;yjfn,bie_up;bie_up-emani_up;emani_up,+,regdb,no,yes,TRUE,TRUE,cpxr_cluster_3
cpxr,ACATTTAGTTACATGT,amph;astc;cpxp;csga;dgcz;fade;mara;marb;marr;yebe;yjfn,bie_up;bie_up-emani_up;emani_up,+,ecocyc,no,yes,TRUE,TRUE,cpxr_cluster_4
cpxr,ACTTTCATTGTTTTAC,amph;astc;cpxp;csga;dgcz;fade;mara;marb;marr;yebe;yjfn,bie_up;bie_up-emani_up;emani_up,+,ecocyc,no,yes,TRUE,TRUE,cpxr_cluster_5
cpxr,GTAAAAAGACGTAAA,amph;astc;cpxp;csga;dgcz;fade;mara;marb;marr;yebe;yjfn,bie_up;bie_up-emani_up;emani_up,+,regdb,no,yes,TRUE,TRUE,cpxr_cluster_6
cpxr,AGTTACATGTTTAAC,amph;astc;cpxp;csga;dgcz;fade;mara;marb;marr;yebe;yjfn,bie_up;bie_up-emani_up;emani_up,+,regdb,no,yes,TRUE,TRUE,cpxr_cluster_7
cpxr,AGTTATCTGTTTGTTAA,amph;astc;cpxp;csga;dgcz;fade;mara;marb;marr;yebe;yjfn,bie_up;bie_up-emani_up;emani_up,+,ecocyc,no,yes,TRUE,TRUE,cpxr_cluster_8
cpxr,ATTTACAAATTCTTTGC,amph;astc;cpxp;csga;dgcz;fade;mara;marb;marr;yebe;yjfn,bie_up;bie_up-emani_up;emani_up,+,ecocyc,no,yes,TRUE,TRUE,cpxr_cluster_9
cpxr,ATTTACTCCGTATTTGC,amph;astc;cpxp;csga;dgcz;fade;mara;marb;marr;yebe;yjfn,bie_up;bie_up-emani_up;emani_up,+,ecocyc,no,yes,TRUE,FALSE,
cpxr,CAAAGAATACTTG,amph;astc;cpxp;csga;dgcz;fade;mara;marb;marr;yebe;yjfn,bie_up;bie_up-emani_up;emani_up,+,regdb,no,yes,TRUE,TRUE,cpxr_cluster_10
cpxr,GCAATAAAAACCAAATG,amph;astc;cpxp;csga;dgcz;fade;mara;marb;marr;yebe;yjfn,bie_up;bie_up-emani_up;emani_up,+,ecocyc,no,yes,TRUE,TRUE,cpxr_cluster_11
cpxr,CATTCAGACGATTC,amph;astc;cpxp;csga;dgcz;fade;mara;marb;marr;yebe;yjfn,bie_up;bie_up-emani_up;emani_up,+,regdb,no,yes,TRUE,TRUE,cpxr_cluster_12
cpxr,CATTTACATTT,amph;astc;cpxp;csga;dgcz;fade;mara;marb;marr;yebe;yjfn,bie_up;bie_up-emani_up;emani_up,+,regdb,no,yes,TRUE,TRUE,cpxr_cluster_13
cpxr,CATTTCTAAACTTAA,amph;astc;cpxp;csga;dgcz;fade;mara;marb;marr;yebe;yjfn,bie_up;bie_up-emani_up;emani_up,+,regdb,no,yes,TRUE,TRUE,cpxr_cluster_14
cpxr,GTAAAATTAGGTAAA,amph;astc;cpxp;csga;dgcz;fade;mara;marb;marr;yebe;yjfn,bie_up;bie_up-emani_up;emani_up,+,regdb,no,yes,TRUE,TRUE,cpxr_cluster_15
cpxr,GTAAAGATGGGTAAA,amph;astc;cpxp;csga;dgcz;fade;mara;marb;marr;yebe;yjfn,bie_up;bie_up-emani_up;emani_up,+,regdb,no,yes,TRUE,TRUE,cpxr_cluster_16
cpxr,CGTAAAGCGGCGAAAA,amph;astc;cpxp;csga;dgcz;fade;mara;marb;marr;yebe;yjfn,bie_up;bie_up-emani_up;emani_up,+,ecocyc,no,yes,TRUE,FALSE,
cpxr,CGTAAATGAGAGTAAA,amph;astc;cpxp;csga;dgcz;fade;mara;marb;marr;yebe;yjfn,bie_up;bie_up-emani_up;emani_up,+,ecocyc,no,yes,TRUE,TRUE,cpxr_cluster_17
cpxr,CGTTACGGAACTTTAC,amph;astc;cpxp;csga;dgcz;fade;mara;marb;marr;yebe;yjfn,bie_up;bie_up-emani_up;emani_up,+,ecocyc,no,yes,TRUE,TRUE,cpxr_cluster_18
cpxr,CTAAACTTAATAAA,amph;astc;cpxp;csga;dgcz;fade;mara;marb;marr;yebe;yjfn,bie_up;bie_up-emani_up;emani_up,+,regdb,no,yes,TRUE,TRUE,cpxr_cluster_19
cpxr,CTAACGCGTAGATAAA,amph;astc;cpxp;csga;dgcz;fade;mara;marb;marr;yebe;yjfn,bie_up;bie_up-emani_up;emani_up,+,regdb,no,yes,TRUE,TRUE,cpxr_cluster_20
cpxr,CTGACGCATGTTTGC,amph;astc;cpxp;csga;dgcz;fade;mara;marb;marr;yebe;yjfn,bie_up;bie_up-emani_up;emani_up,+,regdb,no,yes,TRUE,FALSE,
cpxr,GCTTATTTCGCCATTC,amph;astc;cpxp;csga;dgcz;fade;mara;marb;marr;yebe;yjfn,bie_up;bie_up-emani_up;emani_up,+,ecocyc,no,yes,TRUE,TRUE,cpxr_cluster_21
cpxr,CTTTTCTATCATTTC,amph;astc;cpxp;csga;dgcz;fade;mara;marb;marr;yebe;yjfn,bie_up;bie_up-emani_up;emani_up,+,ecocyc,no,yes,TRUE,TRUE,cpxr_cluster_22
cpxr,CTTTTTGAAACCAAAT,amph;astc;cpxp;csga;dgcz;fade;mara;marb;marr;yebe;yjfn,bie_up;bie_up-emani_up;emani_up,+,regdb,no,yes,TRUE,TRUE,cpxr_cluster_23
cpxr,GAAAAAAAAGCGTAAAT,amph;astc;cpxp;csga;dgcz;fade;mara;marb;marr;yebe;yjfn,bie_up;bie_up-emani_up;emani_up,+,ecocyc,no,yes,TRUE,FALSE,
cpxr,GAAAGTCAGTTAATGTAA,amph;astc;cpxp;csga;dgcz;fade;mara;marb;marr;yebe;yjfn,bie_up;bie_up-emani_up;emani_up,+,regdb,no,yes,TRUE,TRUE,cpxr_cluster_24
cpxr,TGAAATCAGATGTAAT,amph;astc;cpxp;csga;dgcz;fade;mara;marb;marr;yebe;yjfn,bie_up;bie_up-emani_up;emani_up,+,ecocyc,no,yes,TRUE,TRUE,cpxr_cluster_25
cpxr,GCAAAACGCCGTAAGA,amph;astc;cpxp;csga;dgcz;fade;mara;marb;marr;yebe;yjfn,bie_up;bie_up-emani_up;emani_up,+,ecocyc,no,yes,TRUE,FALSE,
cpxr,GCAAAAGTCGAGTAAAA,amph;astc;cpxp;csga;dgcz;fade;mara;marb;marr;yebe;yjfn,bie_up;bie_up-emani_up;emani_up,+,ecocyc,no,yes,TRUE,FALSE,
cpxr,GCAAACATGCGTCAG,amph;astc;cpxp;csga;dgcz;fade;mara;marb;marr;yebe;yjfn,bie_up;bie_up-emani_up;emani_up,+,regdb,no,yes,TRUE,TRUE,cpxr_cluster_26
cpxr,GCAAATATATGTAAAG,amph;astc;cpxp;csga;dgcz;fade;mara;marb;marr;yebe;yjfn,bie_up;bie_up-emani_up;emani_up,+,ecocyc,no,yes,TRUE,FALSE,
cpxr,GCAACTCCCTGAAAC,amph;astc;cpxp;csga;dgcz;fade;mara;marb;marr;yebe;yjfn,bie_up;bie_up-emani_up;emani_up,+,regdb,no,yes,TRUE,TRUE,cpxr_cluster_27
cpxr,TGCATTATTAGTAA,amph;astc;cpxp;csga;dgcz;fade;mara;marb;marr;yebe;yjfn,bie_up;bie_up-emani_up;emani_up,+,ecocyc,no,yes,TRUE,TRUE,cpxr_cluster_28
cpxr,GGAAATTCACGGTAAAC,amph;astc;cpxp;csga;dgcz;fade;mara;marb;marr;yebe;yjfn,bie_up;bie_up-emani_up;emani_up,+,ecocyc,no,yes,TRUE,FALSE,
cpxr,GGTAAAAACGCGTAAA,amph;astc;cpxp;csga;dgcz;fade;mara;marb;marr;yebe;yjfn,bie_up;bie_up-emani_up;emani_up,+,ecocyc,no,yes,TRUE,FALSE,
cpxr,GGTAAAGGCAACAAA,amph;astc;cpxp;csga;dgcz;fade;mara;marb;marr;yebe;yjfn,bie_up;bie_up-emani_up;emani_up,+,ecocyc,no,yes,TRUE,FALSE,
cpxr,GGTAACAGAAAGTTAAC,amph;astc;cpxp;csga;dgcz;fade;mara;marb;marr;yebe;yjfn,bie_up;bie_up-emani_up;emani_up,+,ecocyc,no,yes,TRUE,FALSE,
cpxr,GGTTAACATTTTAAT,amph;astc;cpxp;csga;dgcz;fade;mara;marb;marr;yebe;yjfn,bie_up;bie_up-emani_up;emani_up,+,ecocyc,no,yes,TRUE,TRUE,cpxr_cluster_29
cpxr,GTAAAAAATTGAAAAA,amph;astc;cpxp;csga;dgcz;fade;mara;marb;marr;yebe;yjfn,bie_up;bie_up-emani_up;emani_up,+,ecocyc,no,yes,TRUE,FALSE,
cpxr,GTAAAAACAAAGAAAAA,amph;astc;cpxp;csga;dgcz;fade;mara;marb;marr;yebe;yjfn,bie_up;bie_up-emani_up;emani_up,+,ecocyc,no,yes,TRUE,FALSE,
cpxr,GTAAAAAGACGGTAAGT,amph;astc;cpxp;csga;dgcz;fade;mara;marb;marr;yebe;yjfn,bie_up;bie_up-emani_up;emani_up,+,ecocyc,no,yes,TRUE,FALSE,
cpxr,GTAAAAATATATAAA,amph;astc;cpxp;csga;dgcz;fade;mara;marb;marr;yebe;yjfn,bie_up;bie_up-emani_up;emani_up,+,regdb,no,yes,TRUE,TRUE,cpxr_cluster_30
cpxr,GTAAAAATATCGTAAAA,amph;astc;cpxp;csga;dgcz;fade;mara;marb;marr;yebe;yjfn,bie_up;bie_up-emani_up;emani_up,+,ecocyc,no,yes,TRUE,FALSE,
cpxr,GTAAAAATCAGAAAAA,amph;astc;cpxp;csga;dgcz;fade;mara;marb;marr;yebe;yjfn,bie_up;bie_up-emani_up;emani_up,+,ecocyc,no,yes,TRUE,FALSE,
cpxr,GTAAAAATTCGTAAA,amph;astc;cpxp;csga;dgcz;fade;mara;marb;marr;yebe;yjfn,bie_up;bie_up-emani_up;emani_up,+,regdb,no,yes,TRUE,FALSE,
cpxr,TGTAAAACAACGTAAA,amph;astc;cpxp;csga;dgcz;fade;mara;marb;marr;yebe;yjfn,bie_up;bie_up-emani_up;emani_up,+,ecocyc,no,yes,TRUE,TRUE,cpxr_cluster_31
cpxr,GTAAAACACGCGTAAAT,amph;astc;cpxp;csga;dgcz;fade;mara;marb;marr;yebe;yjfn,bie_up;bie_up-emani_up;emani_up,+,ecocyc,no,yes,TRUE,FALSE,
cpxr,GTAAAACCCCGTTTA,amph;astc;cpxp;csga;dgcz;fade;mara;marb;marr;yebe;yjfn,bie_up;bie_up-emani_up;emani_up,+,regdb,no,yes,TRUE,TRUE,cpxr_cluster_32
cpxr,GTAAAACCGGGTAAAG,amph;astc;cpxp;csga;dgcz;fade;mara;marb;marr;yebe;yjfn,bie_up;bie_up-emani_up;emani_up,+,ecocyc,no,yes,TRUE,FALSE,
cpxr,GTAAAACCTGGTAAGT,amph;astc;cpxp;csga;dgcz;fade;mara;marb;marr;yebe;yjfn,bie_up;bie_up-emani_up;emani_up,+,ecocyc,no,yes,TRUE,FALSE,
cpxr,GTAAAAGATAAGTACAC,amph;astc;cpxp;csga;dgcz;fade;mara;marb;marr;yebe;yjfn,bie_up;bie_up-emani_up;emani_up,+,ecocyc,no,yes,TRUE,FALSE,
cpxr,GTAAAAGCTTGTAAG,amph;astc;cpxp;csga;dgcz;fade;mara;marb;marr;yebe;yjfn,bie_up;bie_up-emani_up;emani_up,+,regdb,no,yes,TRUE,TRUE,cpxr_cluster_33
cpxr,GTAAAAGTCCGTAAAG,amph;astc;cpxp;csga;dgcz;fade;mara;marb;marr;yebe;yjfn,bie_up;bie_up-emani_up;emani_up,+,ecocyc,no,yes,TRUE,FALSE,
cpxr,GTAAAATAACCATAAAG,amph;astc;cpxp;csga;dgcz;fade;mara;marb;marr;yebe;yjfn,bie_up;bie_up-emani_up;emani_up,+,ecocyc,no,yes,TRUE,FALSE,
cpxr,GTAAAATTACGCAAAT,amph;astc;cpxp;csga;dgcz;fade;mara;marb;marr;yebe;yjfn,bie_up;bie_up-emani_up;emani_up,+,ecocyc,no,yes,TRUE,FALSE,
cpxr,GTAAAATTCAGGGAAAC,amph;astc;cpxp;csga;dgcz;fade;mara;marb;marr;yebe;yjfn,bie_up;bie_up-emani_up;emani_up,+,ecocyc,no,yes,TRUE,FALSE,
cpxr,GTAAACCGGAAGTAAAT,amph;astc;cpxp;csga;dgcz;fade;mara;marb;marr;yebe;yjfn,bie_up;bie_up-emani_up;emani_up,+,ecocyc,no,yes,TRUE,FALSE,
cpxr,GTAAACCTGCGGGAAAT,amph;astc;cpxp;csga;dgcz;fade;mara;marb;marr;yebe;yjfn,bie_up;bie_up-emani_up;emani_up,+,ecocyc,no,yes,TRUE,FALSE,
cpxr,GTAAACGCATTGTAAA,amph;astc;cpxp;csga;dgcz;fade;mara;marb;marr;yebe;yjfn,bie_up;bie_up-emani_up;emani_up,+,regdb,no,yes,TRUE,FALSE,
cpxr,GTAAACTAAGCGTTGT,amph;astc;cpxp;csga;dgcz;fade;mara;marb;marr;yebe;yjfn,bie_up;bie_up-emani_up;emani_up,+,regdb,no,yes,TRUE,TRUE,cpxr_cluster_34
cpxr,GTAAACTCTCTATCGTTGA,amph;astc;cpxp;csga;dgcz;fade;mara;marb;marr;yebe;yjfn,bie_up;bie_up-emani_up;emani_up,+,regdb,no,yes,TRUE,TRUE,cpxr_cluster_35
cpxr,GTAAAGAAGGGTAAA,amph;astc;cpxp;csga;dgcz;fade;mara;marb;marr;yebe;yjfn,bie_up;bie_up-emani_up;emani_up,+,regdb,no,yes,TRUE,TRUE,cpxr_cluster_36
cpxr,GTAAAGACGAACAATAAA,amph;astc;cpxp;csga;dgcz;fade;mara;marb;marr;yebe;yjfn,bie_up;bie_up-emani_up;emani_up,+,regdb,no,yes,TRUE,TRUE,cpxr_cluster_37
cpxr,GTAAAGAGATCACCAT,amph;astc;cpxp;csga;dgcz;fade;mara;marb;marr;yebe;yjfn,bie_up;bie_up-emani_up;emani_up,+,ecocyc,no,yes,TRUE,TRUE,cpxr_cluster_38
cpxr,GTAAAGCACAGCAAAA,amph;astc;cpxp;csga;dgcz;fade;mara;marb;marr;yebe;yjfn,bie_up;bie_up-emani_up;emani_up,+,ecocyc,no,yes,TRUE,FALSE,
cpxr,GTAAAGCACTGAAAG,amph;astc;cpxp;csga;dgcz;fade;mara;marb;marr;yebe;yjfn,bie_up;bie_up-emani_up;emani_up,+,regdb,no,yes,TRUE,TRUE,cpxr_cluster_39
cpxr,GTAAAGCGGGGATAAAT,amph;astc;cpxp;csga;dgcz;fade;mara;marb;marr;yebe;yjfn,bie_up;bie_up-emani_up;emani_up,+,ecocyc,no,yes,TRUE,FALSE,
cpxr,GTAAAGTAAGGTAAA,amph;astc;cpxp;csga;dgcz;fade;mara;marb;marr;yebe;yjfn,bie_up;bie_up-emani_up;emani_up,+,regdb,no,yes,TRUE,TRUE,cpxr_cluster_40
cpxr,GTAAATAACGCGTAAAC,amph;astc;cpxp;csga;dgcz;fade;mara;marb;marr;yebe;yjfn,bie_up;bie_up-emani_up;emani_up,+,ecocyc,no,yes,TRUE,FALSE,
cpxr,GTAAATAATAAGGAAAA,amph;astc;cpxp;csga;dgcz;fade;mara;marb;marr;yebe;yjfn,bie_up;bie_up-emani_up;emani_up,+,ecocyc,no,yes,TRUE,FALSE,
cpxr,GTAAATACAAGTTAAC,amph;astc;cpxp;csga;dgcz;fade;mara;marb;marr;yebe;yjfn,bie_up;bie_up-emani_up;emani_up,+,ecocyc,no,yes,TRUE,FALSE,
cpxr,GTAAATTACCGTCAG,amph;astc;cpxp;csga;dgcz;fade;mara;marb;marr;yebe;yjfn,bie_up;bie_up-emani_up;emani_up,+,regdb,no,yes,TRUE,TRUE,cpxr_cluster_41
cpxr,GTAACCAGCGGTAAAA,amph;astc;cpxp;csga;dgcz;fade;mara;marb;marr;yebe;yjfn,bie_up;bie_up-emani_up;emani_up,+,ecocyc,no,yes,TRUE,FALSE,
cpxr,GTAACGCAGCGTTAAC,amph;astc;cpxp;csga;dgcz;fade;mara;marb;marr;yebe;yjfn,bie_up;bie_up-emani_up;emani_up,+,ecocyc,no,yes,TRUE,TRUE,cpxr_cluster_42
cpxr,GTAACGGCGCGTAAAC,amph;astc;cpxp;csga;dgcz;fade;mara;marb;marr;yebe;yjfn,bie_up;bie_up-emani_up;emani_up,+,ecocyc,no,yes,TRUE,FALSE,
cpxr,GTAACGTGGCGTAAA,amph;astc;cpxp;csga;dgcz;fade;mara;marb;marr;yebe;yjfn,bie_up;bie_up-emani_up;emani_up,+,regdb,no,yes,TRUE,TRUE,cpxr_cluster_43
cpxr,GTAAGTGCATGTAAA,amph;astc;cpxp;csga;dgcz;fade;mara;marb;marr;yebe;yjfn,bie_up;bie_up-emani_up;emani_up,+,regdb,no,yes,TRUE,FALSE,
cpxr,GTAATACCCCTGAAAA,amph;astc;cpxp;csga;dgcz;fade;mara;marb;marr;yebe;yjfn,bie_up;bie_up-emani_up;emani_up,+,regdb,no,yes,TRUE,TRUE,cpxr_cluster_44
cpxr,GTAATGAAATTGTAAAT,amph;astc;cpxp;csga;dgcz;fade;mara;marb;marr;yebe;yjfn,bie_up;bie_up-emani_up;emani_up,+,ecocyc,no,yes,TRUE,FALSE,
cpxr,GTAATGGTTTTCGTCTAC,amph;astc;cpxp;csga;dgcz;fade;mara;marb;marr;yebe;yjfn,bie_up;bie_up-emani_up;emani_up,+,ecocyc,no,yes,TRUE,FALSE,
cpxr,GTAATTTGTAGTAAAT,amph;astc;cpxp;csga;dgcz;fade;mara;marb;marr;yebe;yjfn,bie_up;bie_up-emani_up;emani_up,+,ecocyc,no,yes,TRUE,FALSE,
cpxr,TGTAATTTTTCGTAAT,amph;astc;cpxp;csga;dgcz;fade;mara;marb;marr;yebe;yjfn,bie_up;bie_up-emani_up;emani_up,+,ecocyc,no,yes,TRUE,TRUE,cpxr_cluster_45
cpxr,GTCAGCCTGTGTAAA,amph;astc;cpxp;csga;dgcz;fade;mara;marb;marr;yebe;yjfn,bie_up;bie_up-emani_up;emani_up,+,regdb,no,yes,TRUE,TRUE,cpxr_cluster_46
cpxr,GTGAAGAGGCGGTTTA,amph;astc;cpxp;csga;dgcz;fade;mara;marb;marr;yebe;yjfn,bie_up;bie_up-emani_up;emani_up,+,ecocyc,no,yes,TRUE,FALSE,
cpxr,GTTAAACAAACGGTCAAA,amph;astc;cpxp;csga;dgcz;fade;mara;marb;marr;yebe;yjfn,bie_up;bie_up-emani_up;emani_up,+,ecocyc,no,yes,TRUE,FALSE,
cpxr,GTTACATTTAGTTAC,amph;astc;cpxp;csga;dgcz;fade;mara;marb;marr;yebe;yjfn,bie_up;bie_up-emani_up;emani_up,+,regdb,no,yes,TRUE,FALSE,
cpxr,GTTACGGAATATTAC,amph;astc;cpxp;csga;dgcz;fade;mara;marb;marr;yebe;yjfn,bie_up;bie_up-emani_up;emani_up,+,regdb,no,yes,TRUE,TRUE,cpxr_cluster_47
cpxr,TCTATGAAAATATTGAC,amph;astc;cpxp;csga;dgcz;fade;mara;marb;marr;yebe;yjfn,bie_up;bie_up-emani_up;emani_up,+,regdb,no,yes,TRUE,TRUE,cpxr_cluster_48
cpxr,TGGACAATTTTTTACT,amph;astc;cpxp;csga;dgcz;fade;mara;marb;marr;yebe;yjfn,bie_up;bie_up-emani_up;emani_up,+,ecocyc,no,yes,TRUE,FALSE,
cpxr,TGTAACTAAATGTAA,amph;astc;cpxp;csga;dgcz;fade;mara;marb;marr;yebe;yjfn,bie_up;bie_up-emani_up;emani_up,+,regdb,no,yes,TRUE,TRUE,cpxr_cluster_49
cpxr,TGTACTTATCTTTTAC,amph;astc;cpxp;csga;dgcz;fade;mara;marb;marr;yebe;yjfn,bie_up;bie_up-emani_up;emani_up,+,regdb,no,yes,TRUE,FALSE,
cpxr,TTAAAATTGTGCAAT,amph;astc;cpxp;csga;dgcz;fade;mara;marb;marr;yebe;yjfn,bie_up;bie_up-emani_up;emani_up,+,regdb,no,yes,TRUE,TRUE,cpxr_cluster_50
cpxr,TTAACCATTTTTTTACA,amph;astc;cpxp;csga;dgcz;fade;mara;marb;marr;yebe;yjfn,bie_up;bie_up-emani_up;emani_up,+,ecocyc,no,yes,TRUE,FALSE,
cpxr,TTAACGAAGTTTTTACG,amph;astc;cpxp;csga;dgcz;fade;mara;marb;marr;yebe;yjfn,bie_up;bie_up-emani_up;emani_up,+,ecocyc,no,yes,TRUE,FALSE,
cpxr,TTAAGATTTGTAAT,amph;astc;cpxp;csga;dgcz;fade;mara;marb;marr;yebe;yjfn,bie_up;bie_up-emani_up;emani_up,+,regdb,no,yes,TRUE,TRUE,cpxr_cluster_51
cpxr,TTCACATCTTTTTACG,amph;astc;cpxp;csga;dgcz;fade;mara;marb;marr;yebe;yjfn,bie_up;bie_up-emani_up;emani_up,+,ecocyc,no,yes,TRUE,FALSE,
cpxr,TTGACTTATACTTGC,amph;astc;cpxp;csga;dgcz;fade;mara;marb;marr;yebe;yjfn,bie_up;bie_up-emani_up;emani_up,+,regdb,no,yes,TRUE,TRUE,cpxr_cluster_52
cpxr,TTTACAATATAATTACA,amph;astc;cpxp;csga;dgcz;fade;mara;marb;marr;yebe;yjfn,bie_up;bie_up-emani_up;emani_up,+,ecocyc,no,yes,TRUE,FALSE,
cpxr,TTTACAATGCGTTTACG,amph;astc;cpxp;csga;dgcz;fade;mara;marb;marr;yebe;yjfn,bie_up;bie_up-emani_up;emani_up,+,ecocyc,no,yes,TRUE,FALSE,
cpxr,TTTACATGCACTTACA,amph;astc;cpxp;csga;dgcz;fade;mara;marb;marr;yebe;yjfn,bie_up;bie_up-emani_up;emani_up,+,ecocyc,no,yes,TRUE,FALSE,
cpxr,TTTACATTTTTTTGC,amph;astc;cpxp;csga;dgcz;fade;mara;marb;marr;yebe;yjfn,bie_up;bie_up-emani_up;emani_up,+,regdb,no,yes,TRUE,TRUE,cpxr_cluster_53
cpxr,TTTACCATGCGCTTACG,amph;astc;cpxp;csga;dgcz;fade;mara;marb;marr;yebe;yjfn,bie_up;bie_up-emani_up;emani_up,+,ecocyc,no,yes,TRUE,FALSE,
cpxr,TTTACCCTTCATTTGCA,amph;astc;cpxp;csga;dgcz;fade;mara;marb;marr;yebe;yjfn,bie_up;bie_up-emani_up;emani_up,+,ecocyc,no,yes,TRUE,FALSE,
cpxr,TTTACCTCAATATACT,amph;astc;cpxp;csga;dgcz;fade;mara;marb;marr;yebe;yjfn,bie_up;bie_up-emani_up;emani_up,+,ecocyc,no,yes,TRUE,FALSE,
cpxr,TTTACCTTACTTTAC,amph;astc;cpxp;csga;dgcz;fade;mara;marb;marr;yebe;yjfn,bie_up;bie_up-emani_up;emani_up,+,regdb,no,yes,TRUE,FALSE,
cpxr,TTTACGAATTTTTAC,amph;astc;cpxp;csga;dgcz;fade;mara;marb;marr;yebe;yjfn,bie_up;bie_up-emani_up;emani_up,+,regdb,no,yes,TRUE,TRUE,cpxr_cluster_54
cpxr,TTTACGCGCCGTTAC,amph;astc;cpxp;csga;dgcz;fade;mara;marb;marr;yebe;yjfn,bie_up;bie_up-emani_up;emani_up,+,regdb,no,yes,TRUE,FALSE,
cpxr,TTTACGCGTTATTTAC,amph;astc;cpxp;csga;dgcz;fade;mara;marb;marr;yebe;yjfn,bie_up;bie_up-emani_up;emani_up,+,regdb,no,yes,TRUE,FALSE,
cpxr,TTTACGTTGTTTTAC,amph;astc;cpxp;csga;dgcz;fade;mara;marb;marr;yebe;yjfn,bie_up;bie_up-emani_up;emani_up,+,regdb,no,yes,TRUE,FALSE,
cpxr,TTTACTCATGGTTTTCT,amph;astc;cpxp;csga;dgcz;fade;mara;marb;marr;yebe;yjfn,bie_up;bie_up-emani_up;emani_up,+,ecocyc,no,yes,TRUE,FALSE,
cpxr,TTTACTGGAAATTACT,amph;astc;cpxp;csga;dgcz;fade;mara;marb;marr;yebe;yjfn,bie_up;bie_up-emani_up;emani_up,+,ecocyc,no,yes,TRUE,FALSE,
cpxr,TTTACTTTTCTTTAACA,amph;astc;cpxp;csga;dgcz;fade;mara;marb;marr;yebe;yjfn,bie_up;bie_up-emani_up;emani_up,+,ecocyc,no,yes,TRUE,FALSE,
cpxr,TTTACTTTTGGTTAC,amph;astc;cpxp;csga;dgcz;fade;mara;marb;marr;yebe;yjfn,bie_up;bie_up-emani_up;emani_up,+,regdb,no,yes,TRUE,TRUE,cpxr_cluster_55
cpxr,TTTATAAACATTCC,amph;astc;cpxp;csga;dgcz;fade;mara;marb;marr;yebe;yjfn,bie_up;bie_up-emani_up;emani_up,+,regdb,no,yes,TRUE,TRUE,cpxr_cluster_56
cpxr,TTTATGTTGATTTTACT,amph;astc;cpxp;csga;dgcz;fade;mara;marb;marr;yebe;yjfn,bie_up;bie_up-emani_up;emani_up,+,ecocyc,no,yes,TRUE,FALSE,
cpxr,TTTATTGCTGTTTACG,amph;astc;cpxp;csga;dgcz;fade;mara;marb;marr;yebe;yjfn,bie_up;bie_up-emani_up;emani_up,+,ecocyc,no,yes,TRUE,FALSE,
cpxr,TTTCCGCCGTTTTACC,amph;astc;cpxp;csga;dgcz;fade;mara;marb;marr;yebe;yjfn,bie_up;bie_up-emani_up;emani_up,+,ecocyc,no,yes,TRUE,FALSE,
cpxr,TTTGCATTGATTTACG,amph;astc;cpxp;csga;dgcz;fade;mara;marb;marr;yebe;yjfn,bie_up;bie_up-emani_up;emani_up,+,ecocyc,no,yes,TRUE,TRUE,cpxr_cluster_57
cpxr,TTTGCTGTGCTTTAC,amph;astc;cpxp;csga;dgcz;fade;mara;marb;marr;yebe;yjfn,bie_up;bie_up-emani_up;emani_up,+,regdb,no,yes,TRUE,FALSE,
cpxr,TTTGCTTTCTTTTCCT,amph;astc;cpxp;csga;dgcz;fade;mara;marb;marr;yebe;yjfn,bie_up;bie_up-emani_up;emani_up,+,ecocyc,no,yes,TRUE,FALSE,
cpxr,TTTTGTCTCGATATAC,amph;astc;cpxp;csga;dgcz;fade;mara;marb;marr;yebe;yjfn,bie_up;bie_up-emani_up;emani_up,+,ecocyc,no,yes,TRUE,TRUE,cpxr_cluster_58
cpxr,TTTTCAGGGGTATTAC,amph;astc;cpxp;csga;dgcz;fade;mara;marb;marr;yebe;yjfn,bie_up;bie_up-emani_up;emani_up,+,regdb,no,yes,TRUE,FALSE,
cpxr,TTTTCATAGATTTACT,amph;astc;cpxp;csga;dgcz;fade;mara;marb;marr;yebe;yjfn,bie_up;bie_up-emani_up;emani_up,+,ecocyc,no,yes,TRUE,FALSE,
cpxr,TTTTCATCCCTTTACA,amph;astc;cpxp;csga;dgcz;fade;mara;marb;marr;yebe;yjfn,bie_up;bie_up-emani_up;emani_up,+,ecocyc,no,yes,TRUE,FALSE,
cpxr,TTTTTATATGCATTA,amph;astc;cpxp;csga;dgcz;fade;mara;marb;marr;yebe;yjfn,bie_up;bie_up-emani_up;emani_up,+,regdb,no,yes,TRUE,TRUE,cpxr_cluster_59
lexa,AACTGTATATAAATACAGTT,insk,bie_up,-,regdb,no,yes,TRUE,TRUE,lexa_cluster_1
lexa,AACTGTATATACACCCAGGG,insk,bie_up,-,regdb,no,yes,TRUE,TRUE,lexa_cluster_2
lexa,AAGCTGAATAAATATACAGCA,insk,bie_up,-,ecocyc,no,yes,TRUE,FALSE,
lexa,AAGCTGGCGTTGATGCCAGC,insk,bie_up,-,regdb,no,yes,TRUE,TRUE,lexa_cluster_3
lexa,ACCTGAATGAATATACAGTA,insk,bie_up,-,regdb,no,yes,TRUE,FALSE,
lexa,ACCTGTATAAATAACCAGTA,insk,bie_up,-,regdb,no,yes,TRUE,TRUE,lexa_cluster_4
lexa,ACTGATGGTTATATAAACAT,insk,bie_up,-,regdb,no,yes,TRUE,TRUE,lexa_cluster_5
lexa,ATACTGTATAAAATCACAGTT,insk,bie_up,-,ecocyc,no,yes,TRUE,TRUE,lexa_cluster_6
lexa,TACTGTATATAAAAACAGTA,insk,bie_up,-,regdb,no,yes,TRUE,TRUE,lexa_cluster_7
lexa,TACTGTATATTCATTCAGGT,insk,bie_up,-,regdb,no,yes,TRUE,TRUE,lexa_cluster_8
lexa,TACTGTATGAGCATACAGTA,insk,bie_up,-,regdb,no,yes,TRUE,TRUE,lexa_cluster_9
lexa,TACTGTGCCATTTTTCAGTTC,insk,bie_up,-,ecocyc,no,yes,TRUE,TRUE,lexa_cluster_10
lexa,ATCTGCTGGCAAGAACAGACT,insk,bie_up,-,ecocyc,no,yes,TRUE,FALSE,
lexa,ATCTGTATATATACCCAGCTT,insk,bie_up,-,ecocyc,no,yes,TRUE,FALSE,
lexa,CAACTGATTAAAAACCCAGCG,insk,bie_up,-,ecocyc,no,yes,TRUE,FALSE,
lexa,CAACTGGATAAAATTACAGGG,insk,bie_up,-,ecocyc,no,yes,TRUE,FALSE,
lexa,CACTGGATAGATAACCAGCAT,insk,bie_up,-,ecocyc,no,yes,TRUE,FALSE,
lexa,CACTGTATAAAAATCCTATA,insk,bie_up,-,regdb,no,yes,TRUE,TRUE,lexa_cluster_11
lexa,CACTGTATAAATAAACAGCTA,insk,bie_up,-,ecocyc,no,yes,TRUE,FALSE,
lexa,CACTGTATACTTTACCAGTGT,insk,bie_up,-,ecocyc,no,yes,TRUE,FALSE,
lexa,CCCTGTTCAAATCAACAGGG,insk,bie_up,-,regdb,no,yes,TRUE,FALSE,
lexa,CCCTGTTGATTTGAACAGGGA,insk,bie_up,-,ecocyc,no,yes,TRUE,FALSE,
lexa,TCGCTGGATATCTATCCAGCA,insk,bie_up,-,ecocyc,no,yes,TRUE,TRUE,lexa_cluster_12
lexa,CTGGTTAGATAAATGC,insk,bie_up,-,regdb,no,yes,TRUE,TRUE,lexa_cluster_13
lexa,CTGTCATCACTCATCT,insk,bie_up,-,regdb,no,yes,TRUE,TRUE,lexa_cluster_14
lexa,CTGTGGATAACCATGTG,insk,bie_up,-,ecocyc,no,yes,TRUE,TRUE,lexa_cluster_15
lexa,CTGTTTTTATTTCAGG,insk,bie_up,-,ecocyc,no,yes,TRUE,FALSE,
lexa,CTGTTTTTTTATCCAG,insk,bie_up,-,regdb,no,yes,TRUE,TRUE,lexa_cluster_16
lexa,TGACTGTATAAAACCACAGCC,insk,bie_up,-,ecocyc,no,yes,TRUE,TRUE,lexa_cluster_17
lexa,GCCTGGCTTTCAGGGCAGCGT,insk,bie_up,-,ecocyc,no,yes,TRUE,FALSE,
lexa,GGCTGCGCTTATCGACAGTTA,insk,bie_up,-,ecocyc,no,yes,TRUE,FALSE,
lexa,GTACTGTACATCCATACAGTA,insk,bie_up,-,ecocyc,no,yes,TRUE,TRUE,lexa_cluster_18
lexa,GTACTGTATGATTATCCAGTT,insk,bie_up,-,ecocyc,no,yes,TRUE,FALSE,
lexa,GTGCTGGTTTTATAACCTGCA,insk,bie_up,-,ecocyc,no,yes,TRUE,FALSE,
lexa,TACTATTATGTATATTCTGGT,insk,bie_up,-,ecocyc,no,yes,TRUE,FALSE,
lexa,TACTGATGATATATACAGGT,insk,bie_up,-,regdb,no,yes,TRUE,TRUE,lexa_cluster_19
lexa,TACTGTACACAATAACAGTA,insk,bie_up,-,regdb,no,yes,TRUE,TRUE,lexa_cluster_20
lexa,TACTGTACGTATCGACAGTT,insk,bie_up,-,regdb,no,yes,TRUE,TRUE,lexa_cluster_21
lexa,TACTGTATATAAAACCAGTT,insk,bie_up,-,regdb,no,yes,TRUE,TRUE,lexa_cluster_22
lexa,TACTGTTTATTTATACAGTA,insk,bie_up,-,regdb,no,yes,TRUE,TRUE,lexa_cluster_23
lexa,TATTGGCTGTTTATACAGTA,insk,bie_up,-,regdb,no,yes,TRUE,TRUE,lexa_cluster_24
lexa,TCCTGTTAATCCATACAGCAA,insk,bie_up,-,ecocyc,no,yes,TRUE,TRUE,lexa_cluster_25
lexa,TGCTGTATATACTCACAGCA,insk,bie_up,-,regdb,no,yes,TRUE,TRUE,lexa_cluster_26
lexa,TTACTGTGAAACGATCCGGTA,insk,bie_up,-,ecocyc,no,yes,TRUE,FALSE,
lexa,TTCTGCGTATTGCAGAGAGGA,insk,bie_up,-,ecocyc,no,yes,TRUE,FALSE,